peso_g,densidade_g_cm3,condutividade,opacidade_pct,classe
38.8,9.78,87.9,98.6,metal
13.0,5.14,100.0,100.0,metal
61.0,5.54,80.9,95.3,metal
15.3,0.81,6.6,89.7,papel
25.5,0.92,0.0,77.2,plastico
17.1,0.82,6.9,40.1,plastico
26.9,1.1,4.6,39.7,plastico
16.9,0.92,6.1,12.6,plastico
19.7,0.72,1.5,81.2,papel
14.7,1.08,3.9,59.0,plastico
20.6,1.07,4.7,90.7,papel
14.9,0.7,2.0,92.7,papel
29.5,6.58,100.0,96.4,metal
15.6,0.73,6.2,97.0,papel
47.4,8.1,96.1,97.4,metal
5.2,0.65,1.5,79.9,papel
75.0,9.28,80.5,100.0,metal
10.4,1.26,12.4,22.7,plastico
9.8,1.0,2.3,48.9,plastico
42.6,7.34,89.3,100.0,metal
10.7,0.67,4.2,82.2,papel
10.7,0.83,4.7,71.5,papel
16.8,0.63,4.9,81.3,papel
21.3,0.66,7.0,30.9,plastico
35.8,5.65,98.1,94.4,metal
16.6,0.98,7.7,18.8,plastico
18.9,0.81,4.7,86.3,papel
16.5,0.61,5.8,90.1,papel
42.9,7.97,87.2,96.0,metal
25.0,0.71,3.6,24.6,plastico
49.7,6.12,78.5,91.1,metal
8.5,0.93,6.0,82.8,papel
23.7,0.8,6.3,14.7,plastico
88.7,6.98,72.7,100.0,metal
9.8,0.88,7.4,73.3,papel
12.6,1.09,2.2,74.9,plastico
18.8,0.74,3.7,82.4,papel
30.2,6.1,86.7,94.5,metal
57.6,6.72,89.5,90.5,metal
21.1,0.98,9.4,52.9,plastico
49.0,5.45,86.6,91.6,metal
19.4,0.8,4.4,82.3,papel
24.0,1.13,4.6,63.4,plastico
18.5,0.91,9.0,22.5,plastico
19.9,6.74,86.8,98.6,metal
10.9,1.1,5.2,49.8,plastico
13.4,0.69,5.6,78.1,papel
32.8,5.78,83.8,92.4,metal
17.3,0.69,6.0,91.3,papel
17.5,0.74,0.2,36.4,plastico
51.2,8.18,72.2,95.3,metal
